type,question,answer
One Line Question,The earliest version of the word drill is __?,ENGLISH
Fill in the Blank,____ (Original instructions) Drill 6411 6412 6413 007894 IMPORTANT: Read before Using ____?,ENGLISH
One Line Question,The ENGLISH is a _____?,Original
Fill in the Blank,ENGLISH (____ instructions) Drill 6411 6412 6413 007894 IMPORTANT: Read before Using ____?,Original
One Line Question,The ENGLISH is a _____?,instructions
Fill in the Blank,ENGLISH (Original ____) Drill 6411 6412 6413 007894 IMPORTANT: Read before Using ____?,instructions
One Line Question,"If you are in a hurry, you will be _?",hurry
Fill in the Blank,If you are in a ____ ____?,hurry
One Line Question,What is the best way to protect your power tool?,Ensure
Fill in the Blank,____ the safety of your power tool ____?,Ensure
One Line Question,What is the best way to ensure safety?,safety
Fill in the Blank,Ensure the ____ of your power tool ____?,safety
One Line Question,What is the best way to protect your power tool?,your
Fill in the Blank,Ensure the safety of ____ power tool ____?,your
One Line Question,Ring that is a ring that is a ring that is a ring that is a ring that is a ring that is a ring that?,ring
Fill in the Blank,____ is a ring that is a ring that is a ring that is a ring that is a ring that is a ring that is a ring that is a ring that is a ring that is a ring that is a ring that is a ring that is a ring that is a ring that is a ring that is a ring that is a ring that is a ring that is a ring that is a ring that is a ring that is a ring that is a ring that is a ring that is a ring that is a ring that is a ring that is a ring that is a ring that is a ____?,ring
One Line Question,Ring that is a ring that is a ring that is a ring that is a ring that is a ring that is a ring that?,that
Fill in the Blank,Ring is a ring ____ is a ring that is a ring that is a ring that is a ring that is a ring that is a ring that is a ring that is a ring that is a ring that is a ring that is a ring that is a ring that is a ring that is a ring that is a ring that is a ring that is a ring that is a ring that is a ring that is a ring that is a ring that is a ring that is a ring that is a ring that is a ring that is a ring that is a ring that is a ring that is a ____?,that
